<grid x='0' y='0' forcePagerRow='YES' enableFilters='YES' enableMultiColumnSort='YES' builtInActions='sort,separator'
      width='800' height='600' id='dgMain' styleName='FlexiciousGridStyle'
      preferencePersistenceKey='externalFilter'
      enableSelectionCascade='YES' enableSelectionBubble='YES' enableTriStateCheckbox='YES'
      showSpinnerOnFilterPageSort='YES' enableDefaultDisclosureIcon='NO'>
    <level childrenField='items' enableFilters='NO'>
        <columns>
            <column sortable='NO' excludeFromSettings='YES' enableExpandCollapseIcon='YES' width='150' paddingLeft='34'
                    columnWidthMode='fixed' headerText='Employee Name' dataField='employeeName' filterControl='TextInput'
                    filterOperation='BeginsWith'/>
            <column headerText='Title' dataField='title' filterControl='TextInput' filterOperation='BeginsWith'/>
            <column headerText='Email Address' dataField='emailAddress' filterControl='TextInput'
                    filterOperation='BeginsWith'/>
            <column headerText='Department' dataField='department' filterControl='TextInput'
                    filterOperation='BeginsWith'/>
            <column headerText='Hire Date' dataField='hireDate' filterControl='TextInput' filterOperation='BeginsWith'/>
        </columns>
        <nextLevel>
            <level reusePreviousLevelColumns='NO' childrenField='items' headerVerticalGridLineThickness='1'>
                <columns>
                    <column sortable='NO' excludeFromSettings='YES' enableExpandCollapseIcon='YES'
                            olumnWidthMode='fixed' expandCollapseIconLeft='10'
                            width='150' paddingLeft='44' dataField='project'
                            headerText='Project'/>
                    <column dataField='roleOnProject' headerText='Role On Project'/>
                    <column dataField='projectStartDate' headerText='Project Start'/>
                    <column dataField='projectEndDate' headerText='Project End'/>
                </columns>
                <nextLevel>
                    <level reusePreviousLevelColumns='NO' childrenField='items' headerVerticalGridLineThickness='1'>
                        <columns>
                            <column sortable='NO'  excludeFromSettings='YES' width='150'
                                    paddingLeft='54'
                                    dataField='timeSheetTitle' headerText='TimeSheet Title'/>
                            <column dataField='hours' headerText='Hours'/>
                            <column dataField='rate' headerText='Rate'/>
                            <column dataField='totalExpense' headerText='Total Expense'/>
                        </columns>
                    </level>
                </nextLevel>
            </level>
        </nextLevel>
    </level>
</grid>