<grid id="grid" enableFooters="YES" enableFilters="YES" enableExport="YES"
      preferencePersistenceKey="programaticCellFormatting" forcePagerRow="YES">
    <level selectedKeyField="id" rowBackgroundColorFunction="ProgrammaticCellFormatting_getRowBackground"
           rowDisabledFunction="ProgrammaticCellFormatting_getRowDisabled"
           rowTextColorFunction="ProgrammaticCellFormatting_getRowTextColor">
        <columns>
            <column type="checkbox"/>
            <column dataField="id" headerText="ID" filterControl="TextInput"/>
            <column dataField="legalName" headerText="Legal Name"/>
            <column width="100" columnWidthMode="fixed"
                    cellBackgroundColorFunction="ProgrammaticCellFormatting_getColumnBackground"
                    cellTextColorFunction="ProgrammaticCellFormatting_getColumnTextColor" dataField="annualRevenue"
                    headerText="Annual Revenue" textAlign="right" headerAlign="center" footerLabel="Avg:"
                    footerOperation="average" footerAlign="center" footerOperationPrecision="2"
                    footerFormatter="getCurrencyFormatter" labelFunction="dataGridFormatCurrencyLabelFunction"/>
            <column width="100" columnWidthMode="fixed"
                    cellBackgroundColorFunction="ProgrammaticCellFormatting_getColumnBackground"
                    cellTextColorFunction="ProgrammaticCellFormatting_getColumnTextColor" dataField="numEmployees"
                    headerText="Num Employees" textAlign="right" footerLabel="Avg:" footerOperation="average"
                    footerOperationPrecision="2" footerFormatter="getCurrencyFormatter"
                    labelFunction="dataGridFormatCurrencyLabelFunction"/>
            <column width="100" columnWidthMode="fixed" dataField="earningsPerShare" headerText="EPS" textAlign="right"
                    footerLabel="Avg:" footerOperation="average" footerFormatter="getCurrencyFormatter"
                    labelFunction="dataGridFormatCurrencyLabelFunction"/>
            <column width="100" columnWidthMode="fixed" dataField="lastStockPrice" headerText="Stock Price"
                    textAlign="right" footerLabel="Avg:" footerOperation="average" footerOperationPrecision="2"
                    footerFormatter="getCurrencyFormatter" labelFunction="dataGridFormatCurrencyLabelFunction"/>
            <column dataField="headquarterAddress.line1" headerText="Address Line 1" footerLabel="Count:"
                    footerOperation="count"/>
            <column dataField="headquarterAddress.line2" headerText="Address Line 2"/>
            <column dataField="headquarterAddress.city.name" headerText="City" filterControl="MultiSelectComboBox"
                    filterComboBoxBuildFromGrid="YES" filterComboBoxWidth="150"/>
            <column dataField="headquarterAddress.state.name" headerText="State" filterControl="MultiSelectComboBox"
                    filterComboBoxBuildFromGrid="YES" filterComboBoxWidth="150"/>
            <column dataField="headquarterAddress.country.name" headerText="Country" filterControl="MultiSelectComboBox"
                    filterComboBoxBuildFromGrid="YES" filterComboBoxWidth="150"/>
        </columns>
    </level>
</grid>